,connectionTime,disconnectTime,doneChargingTime,kWhDelivered,siteID,spaceID,userID,userInputs/0/WhPerMile,userInputs/0/kWhRequested,userInputs/0/milesRequested,userInputs/0/minutesAvailable,userInputs/0/modifiedAt,userInputs/0/paymentRequired,userInputs/0/requestedDeparture
0,7.223888888888889,23.36861111111111,16.195,12.26,19,1,,,,,,,,
1,7.408055555555556,22.33888888888889,20.948611111111113,34.153,19,2,,,,,,,,
2,8.177222222222222,20.317777777777778,17.108055555555556,5.844,19,3,,,,,,,,
3,9.801666666666668,18.476388888888888,18.474166666666665,10.801,19,7,,,,,,,,
4,10.417499999999999,19.2125,19.211388888888887,5.703,19,8,,,,,,,,
5,13.389444444444443,4.0441666666666665,4.041666666666667,24.876,19,8,,,,,,,,
6,7.818888888888889,20.686666666666667,17.65111111111111,5.371,19,2,,,,,,,,
7,8.36111111111111,0.8272222222222222,0.8261111111111111,43.608,19,3,,,,,,,,
8,8.534444444444444,0.5952777777777778,19.058333333333334,5.82,19,8,,,,,,,,
9,8.68361111111111,19.709166666666665,17.752777777777776,5.851,19,1,,,,,,,,
10,11.761944444444444,2.199444444444444,22.253333333333334,15.391,19,6,,,,,,,,
11,12.345277777777778,0.12833333333333333,20.578055555555554,0.868,19,1,,,,,,,,
12,13.511944444444444,4.437777777777778,4.435277777777778,19.868,19,5,,,,,,,,
13,13.732222222222223,2.285833333333333,22.113055555555558,0.754,19,2,,,,,,,,
14,6.1561111111111115,2.3252777777777776,16.090277777777775,5.734,19,2,,,,,,,,
15,9.057222222222222,22.816111111111113,19.539722222222224,5.649,19,8,,,,,,,,
16,9.989999999999998,23.39361111111111,23.392222222222223,27.399,19,3,,,,,,,,
17,13.985277777777776,4.6625000000000005,4.66,18.756,19,6,,,,,,,,
18,7.3925,21.64361111111111,20.954722222222223,28.397,19,1,,,,,,,,
19,8.978055555555555,21.644444444444446,19.62472222222222,6.36,19,8,,,,,,,,
20,9.252777777777778,18.488611111111112,18.487222222222222,8.118,19,3,,,,,,,,
21,11.59888888888889,1.784722222222222,22.939444444444444,20.693,19,6,,,,,,,,
22,12.569444444444445,23.3925,22.764166666666668,13.405,19,4,,,,,,,,
23,14.066111111111113,5.243611111111111,5.24,21.974,19,8,,,,,,,,
24,16.27361111111111,2.964166666666667,2.9630555555555556,4.081,19,7,,,,,,,,
25,7.175277777777778,0.5411111111111111,0.5475,14.755,19,1,,,,,,,,
26,9.126944444444446,19.398055555555555,18.07777777777778,5.306,19,2,,,,,,,,
27,9.268055555555556,1.0519444444444446,19.704444444444444,5.707,19,8,,,,,,,,
28,10.130555555555556,1.2894444444444444,22.45638888888889,20.986,19,4,,,,,,,,
29,10.341666666666667,3.5958333333333337,3.5944444444444446,37.502,19,7,,,,,,,,
30,12.756666666666666,22.91861111111111,21.238055555555558,2.35,19,2,,,,,,,,
31,13.43888888888889,4.579166666666667,4.576944444444444,17.749,19,6,,,,,,,,
32,14.20611111111111,1.2483333333333333,1.2469444444444444,6.576,19,3,,,,,,,,
33,6.943333333333333,19.759722222222223,16.815,11.638,19,1,,,,,,,,
34,8.917499999999999,22.56138888888889,19.56638888888889,6.14,19,8,,,,,,,,
35,9.435277777777777,19.64,19.63861111111111,14.299,19,7,,,,,,,,
36,9.510277777777778,1.3272222222222223,22.000555555555554,24.562,19,3,,,,,,,,
37,9.734166666666665,1.2830555555555554,1.2805555555555554,35.369,19,5,,,,,,,,
38,11.40611111111111,2.5147222222222223,21.554722222222225,13.096,19,6,,,,,,,,
39,13.651388888888889,5.205555555555556,4.680000000000001,13.364,19,1,,,,,,,,
40,7.966111111111111,23.800555555555555,17.952777777777776,5.894,19,2,,,,,,,,
41,9.671944444444444,21.895,21.892777777777777,26.686,19,3,,,,,,,,
42,11.521944444444445,1.411111111111111,22.085555555555555,15.348,19,6,,,,,,,,
43,13.561111111111112,4.5744444444444445,4.570833333333333,20.869,19,8,,,,,,,,
44,15.983333333333333,3.712777777777778,0.4166666666666667,0.56,19,2,,,,,,,,
45,7.045277777777778,23.876944444444444,17.119444444444444,12.938,19,1,,,,,,,,
46,7.666111111111111,23.07138888888889,23.07027777777778,45.171,19,2,,,,,,,,
47,9.46861111111111,19.548333333333336,19.547222222222224,13.458,19,3,,,,,,,,
48,9.600277777777777,1.9677777777777778,19.23888888888889,4.821,19,4,,,,,,,,
49,11.216388888888888,1.2522222222222221,1.2508333333333332,26.636,19,5,,,,,,,,
50,11.9725,21.12388888888889,20.498611111111114,39.457,19,8,,,,,,,,
51,12.27638888888889,21.903055555555554,21.901666666666664,10.473,19,3,,,,,,,,
52,8.065833333333334,1.6777777777777776,17.50722222222222,4.178,19,2,,,,,,,,
53,8.564722222222223,19.45583333333333,19.285833333333336,16.403,19,1,,,,,,,,
54,11.67611111111111,1.1177777777777778,22.189444444444444,15.577,19,6,,,,,,,,
55,12.691666666666666,23.148055555555555,20.989166666666666,1.189,19,1,,,,,,,,
56,7.651944444444445,21.629722222222224,17.18638888888889,4.457,19,2,,,,,,,,
57,9.810555555555556,21.776666666666667,21.774166666666666,25.601,19,7,,,,,,,,
58,11.031111111111112,22.853333333333335,21.345,14.375,19,4,,,,,,,,
59,14.01388888888889,2.914722222222222,22.336666666666666,0.604,19,2,,,,,,,,
60,7.1725,22.69611111111111,22.69472222222222,47.605,19,1,,,,,,,,
61,8.4225,20.6575,18.366388888888892,5.752,19,2,,,,,,,,
62,11.600555555555555,1.288333333333333,21.969166666666666,14.293,19,6,,,,,,,,
63,12.988333333333333,2.48,21.354722222222225,0.72,19,2,,,,,,,,
64,13.3575,5.000277777777778,4.643333333333333,22.619,19,8,,,,,,,,
65,7.450833333333334,23.784444444444446,20.710277777777776,26.304,19,1,,,,,,,,
66,8.926666666666666,20.25,19.258055555555554,5.326,19,8,,,,,,,,
67,9.88361111111111,0.8172222222222222,23.25611111111111,32.49,19,3,,,,,,,,
68,11.091944444444445,3.544722222222222,21.091666666666665,5.964,19,4,,,,,,,,
69,11.758055555555556,3.1458333333333335,3.1444444444444444,27.551,19,6,,,,,,,,
70,13.45361111111111,4.9222222222222225,4.92,23.873,19,7,,,,,,,,
71,7.008611111111111,2.2955555555555556,16.90111111111111,11.657,19,1,,,,,,,,
72,7.7075000000000005,20.4375,16.983611111111113,3.628,19,2,,,,,,,,
73,7.843055555555555,20.192222222222224,20.171111111111113,22.723,19,4,,,,,,,,
74,9.052222222222223,20.15888888888889,19.636666666666667,6.237,19,8,,,,,,,,
75,9.299166666666666,0.044444444444444446,19.234444444444446,11.53,19,3,,,,,,,,
76,13.506388888888889,4.307222222222222,4.305,19.597,19,8,,,,,,,,
77,15.102222222222222,0.315,0.3138888888888889,1.908,19,6,,,,,,,,
78,7.522222222222222,22.294722222222223,20.97222222222222,27.553,19,1,,,,,,,,
79,8.453888888888889,21.109444444444446,18.447222222222223,5.909,19,2,,,,,,,,
80,8.46861111111111,2.7736111111111112,20.802222222222223,22.816,19,3,,,,,,,,
81,11.388055555555555,0.9686111111111111,0.9672222222222222,26.579,19,6,,,,,,,,
82,11.658333333333333,22.6325,22.63138888888889,18.778,19,7,,,,,,,,
83,13.54888888888889,4.834722222222222,4.594722222222222,21.242,19,8,,,,,,,,
84,14.11111111111111,2.049444444444444,22.46,0.666,19,2,,,,,,,,
85,7.958055555555556,21.09611111111111,17.353611111111114,3.997,19,2,,,,,,,,
86,8.9025,19.412499999999998,19.411388888888887,16.314,19,1,,,,,,,,
87,10.83388888888889,1.8922222222222222,1.888611111111111,31.639,19,8,,,,,,,,
88,11.535833333333333,2.352222222222222,21.485277777777778,11.727,19,6,,,,,,,,
89,12.160277777777779,23.490000000000002,20.740277777777777,2.698,19,1,,,,,,,,
90,15.99111111111111,4.750555555555556,4.747222222222223,11.294,19,5,,,,,,,,
91,7.822222222222222,2.743333333333333,17.211111111111112,4.026,19,2,,,,,,,,
92,8.139722222222222,0.6952777777777778,18.644166666666667,15.399,19,1,,,,,,,,
93,8.811944444444444,23.547222222222224,18.962777777777777,4.728,19,8,,,,,,,,
94,9.496388888888887,19.735,18.953333333333333,2.881,19,7,,,,,,,,
95,9.567777777777778,1.256388888888889,1.2552777777777777,31.641,19,5,,,,,,,,
96,13.53361111111111,5.0625,4.639722222222222,15.905,19,7,,,,,,,,
97,15.113055555555555,0.7866666666666666,0.305,1.85,19,6,,,,,,,,
98,8.271944444444445,22.01972222222222,17.664166666666667,4.006,19,2,,,,,,,,
99,8.866944444444444,0.3386111111111111,19.70611111111111,6.445,19,8,,,,,,,,
100,9.458333333333332,22.919444444444444,22.918055555555558,34.38,19,5,,,,,,,,
101,9.470277777777778,19.505,19.502777777777776,13.088,19,3,,,,,,,,
102,11.78277777777778,2.3672222222222223,2.3658333333333332,26.556,19,6,,,,,,,,
103,13.518055555555556,3.234166666666667,3.2308333333333334,16.627,19,7,,,,,,,,
104,7.074722222222222,0.7030555555555555,17.965555555555554,19.18827472222222,19,1,,,,,,,,
105,8.28277777777778,2.0238888888888886,18.180555555555557,5.645,19,2,,,,,,,,
106,9.645833333333332,2.5802777777777774,2.5780555555555553,40.344,19,8,,,,,,,,
107,11.724722222222223,1.9741666666666668,1.972777777777778,26.511,19,6,,,,,,,,
108,13.446944444444444,5.187222222222222,5.183611111111111,25.78,19,7,,,,,,,,
109,8.256388888888889,3.0736111111111115,18.216666666666665,5.847,19,2,,,,,,,,
110,10.6375,20.897777777777776,20.895555555555553,14.684,19,8,,,,,,,,
111,14.321944444444444,5.180833333333334,5.1786111111111115,19.894,19,8,,,,,,,,
112,14.525277777777779,1.8683333333333334,1.5683333333333334,7.278,19,5,,,,,,,,
113,8.342222222222222,19.523333333333333,19.522222222222222,20.452,19,2,,,,,,,,
114,9.723611111111111,2.665833333333333,19.276666666666667,4.505,19,4,,,,,,,,
115,10.2625,1.6305555555555555,1.6272222222222223,34.502,19,8,,,,,,,,
116,11.421111111111111,2.2494444444444444,2.2483333333333335,28.588,19,6,,,,,,,,
117,11.452222222222222,0.5283333333333334,22.02777777777778,15.596,19,1,,,,,,,,
118,11.479722222222222,1.5594444444444444,23.366666666666667,9.136,19,5,,,,,,,,
119,12.499722222222221,21.866944444444446,20.74361111111111,0.746,19,2,,,,,,,,
120,13.39611111111111,5.148611111111111,5.1450000000000005,25.766,19,7,,,,,,,,
121,7.027777777777778,23.584722222222222,19.285833333333336,26.258,19,1,,,,,,,,
122,7.776388888888889,21.786944444444448,17.811111111111114,6.088,19,2,,,,,,,,
123,10.6225,1.1202777777777777,0.3111111111111111,30.174,19,8,,,,,,,,
124,10.773055555555556,19.274444444444445,19.271944444444443,1.622,19,6,,,,,,,,
125,11.340277777777779,20.850833333333334,20.849444444444444,9.644,19,3,,,,,,,,
126,13.240833333333333,4.677777777777778,4.671111111111111,23.757,19,7,,,,,,,,
127,14.030000000000001,2.2980555555555555,22.333055555555557,0.546,19,2,,,,,,,,
128,14.919722222222221,3.102222222222222,3.118611111111111,6.513,19,3,,,,,,,,
129,7.776388888888889,2.302222222222222,17.250555555555554,4.265,19,2,,,,,,,,
130,8.868611111111111,21.21527777777778,19.431944444444447,5.934,19,8,,,,,,,,
131,10.99472222222222,0.9769444444444445,20.27111111111111,8.239,19,5,,,,,,,,
132,11.368055555555555,3.093055555555556,3.0919444444444446,28.68,19,1,,,,,,,,
133,12.188333333333334,2.3458333333333337,2.3444444444444446,24.151,19,6,,,,,,,,
134,13.275555555555556,4.702500000000001,4.699166666666667,23.456,19,8,,,,,,,,
135,14.015555555555556,2.2058333333333335,22.504722222222224,0.697,19,4,,,,,,,,
136,7.199722222222222,20.264722222222222,19.896666666666665,28.991,19,1,,,,,,,,
137,7.496944444444445,0.07472222222222222,20.65583333333333,25.556,19,2,,,,,,,,
138,9.081666666666667,0.29638888888888887,20.80666666666667,8.785,19,8,,,,,,,,
139,9.916111111111112,3.0430555555555556,19.92361111111111,5.972,19,4,,,,,,,,
140,10.047222222222222,21.246944444444445,21.244444444444447,18.808,19,6,,,,,,,,
141,11.417222222222222,0.7252777777777778,22.204166666666666,16.444,19,5,,,,,,,,
142,12.1025,0.07277777777777777,0.07027777777777777,19.805,19,3,,,,,,,,
143,6.939444444444445,23.920833333333334,19.699722222222224,29.264,19,1,,,,,,,,
144,7.314166666666667,23.348888888888887,19.852500000000003,22.105,19,2,,,,,,,,
145,8.28277777777778,21.842499999999998,18.24416666666667,5.801,19,4,,,,,,,,
146,9.026666666666667,1.283611111111111,19.80138888888889,6.575,19,8,,,,,,,,
147,11.527222222222223,20.464166666666667,20.462777777777777,6.095,19,6,,,,,,,,
148,13.400555555555556,5.246944444444445,5.243611111111111,26.3,19,7,,,,,,,,
149,13.634166666666665,0.9291666666666666,22.85138888888889,6.994,19,6,,,,,,,,
150,13.645,1.776111111111111,1.7727777777777778,12.337,19,3,,,,,,,,
151,7.550277777777778,23.03111111111111,23.029999999999998,46.338,19,1,,,,,,,,
152,8.338611111111112,3.6933333333333334,17.8325,4.313,19,2,,,,,,,,
153,8.67361111111111,19.7925,17.81861111111111,6.658,19,3,,,,,,,,
154,8.775833333333335,0.5894444444444444,21.936944444444446,28.377,19,5,,,,,,,,
155,8.996388888888887,18.52777777777778,18.52638888888889,4.588,19,8,,,,,,,,
156,9.864722222222222,19.36777777777778,19.36527777777778,9.357,19,7,,,,,,,,
157,10.880277777777778,20.2025,20.200277777777778,3.512,19,8,,,,,,,,
158,11.567499999999999,2.4375000000000004,22.616944444444446,18.844,19,6,,,,,,,,
159,11.839444444444444,20.19638888888889,20.19388888888889,2.187,19,3,,,,,,,,
160,11.899166666666666,20.50027777777778,20.49888888888889,1.915,19,4,,,,,,,,
161,12.881666666666668,21.70583333333333,21.371666666666666,2.453,19,3,,,,,,,,
162,13.066111111111113,4.8566666666666665,4.852222222222222,26.07,19,8,,,,,,,,
163,13.780000000000001,1.1394444444444445,22.982777777777777,2.177,19,4,,,,,,,,
164,14.525833333333335,1.3027777777777778,1.3016666666666667,6.427,19,7,,,,,,,,
165,7.147500000000001,15.960833333333333,15.959722222222222,5.031,19,1,,,,,,,,
166,7.4719444444444445,22.766666666666666,22.07472222222222,34.981,19,3,,,,,,,,
167,8.136666666666667,23.833055555555557,17.844166666666666,10.479,19,5,,,,,,,,
168,8.137222222222222,2.7977777777777777,17.536944444444448,4.008,19,2,,,,,,,,
169,9.2425,22.768055555555556,20.06416666666667,6.296,19,8,,,,,,,,
170,9.52638888888889,19.810833333333335,19.00611111111111,8.465,19,1,,,,,,,,
171,12.066666666666666,3.3294444444444444,23.989444444444445,20.658,19,6,,,,,,,,
172,13.073888888888888,22.949166666666667,21.730555555555554,3.506,19,1,,,,,,,,
173,13.427777777777777,4.288055555555555,4.283333333333333,19.836,19,7,,,,,,,,
174,7.375277777777777,2.5241666666666664,17.298333333333336,5.733,19,2,,,,,,,,
175,7.390277777777778,23.149166666666666,19.789444444444445,21.366,19,4,,,,,,,,
176,8.843611111111112,0.673611111111111,19.366666666666667,5.64,19,8,,,,,,,,
177,10.990555555555554,19.877222222222223,19.87472222222222,5.634,19,3,,,,,,,,
178,13.447777777777778,22.316944444444445,22.31361111111111,5.532,19,6,,,,,,,,
179,14.687222222222223,2.4375000000000004,2.435,7.027,19,3,,,,,,,,
180,14.977777777777778,1.8194444444444444,0.9063888888888889,3.408,19,1,,,,,,,,
181,15.190555555555555,4.798333333333333,4.795,13.086,19,6,,,,,,,,
182,7.1225,3.5869444444444447,3.585,54.757,19,1,,,,,,,,
183,7.990277777777778,21.36388888888889,17.93638888888889,5.793,19,2,,,,,,,,
184,9.280277777777778,3.7558333333333334,19.522777777777776,5.369,19,8,,,,,,,,
185,9.560833333333335,18.32611111111111,18.325,4.797,19,4,,,,,,,,
186,11.322777777777777,21.470555555555553,21.469166666666666,13.666,19,7,,,,,,,,
187,11.88361111111111,3.2480555555555557,21.517777777777777,9.722,19,6,,,,,,,,
188,13.698055555555555,22.282777777777778,22.280277777777776,3.627,19,7,,,,,,,,
189,14.792777777777777,4.709722222222222,4.703611111111111,13.801,19,7,,,,,,,,
190,16.199166666666667,4.466111111111111,1.9547222222222222,2.616,19,2,,,,,,,,
191,16.31361111111111,2.041111111111111,2.036388888888889,2.449,19,5,,,,,,,,
192,6.997222222222223,0.0022222222222222222,20.335277777777776,32.62,19,1,,,,,,,,
193,7.631388888888889,21.439444444444444,20.899722222222223,26.223,19,2,,,,,,,,
194,8.28361111111111,1.96,18.267777777777777,5.891,19,4,,,,,,,,
195,9.002777777777778,19.44638888888889,18.348055555555554,7.875,19,3,,,,,,,,
196,9.28138888888889,22.794444444444448,22.791666666666668,34.377,19,7,,,,,,,,
197,9.423888888888888,20.598333333333333,20.596944444444443,20.045,19,5,,,,,,,,
198,13.120555555555557,23.860555555555557,22.744722222222222,9.608,19,6,,,,,,,,
199,13.125833333333334,21.87638888888889,21.433888888888887,1.329,19,3,,,,,,,,
200,13.432777777777778,4.851111111111111,4.847777777777777,23.513,19,8,,,,,,,,
201,15.131944444444445,2.5452777777777778,2.5416666666666665,5.013,19,3,,,,,,,,
202,15.336666666666668,2.5175,2.516111111111111,4.501,19,2,,,,,,,,
203,7.156666666666667,23.4225,19.09722222222222,24.426,19,1,,,,,,,,
204,8.380833333333333,19.34638888888889,19.345,19.219,19,2,,,,,,,,
205,8.529444444444445,2.2794444444444446,18.504166666666666,5.877,19,4,,,,,,,,
206,10.567777777777778,22.55888888888889,22.55777777777778,25.329,19,3,,,,,,,,
207,11.371111111111112,1.8841666666666665,1.8830555555555555,28.418,19,6,,,,,,,,
208,11.506666666666666,2.936944444444445,2.9347222222222227,28.584,19,8,,,,,,,,
209,12.06861111111111,21.888055555555557,21.51888888888889,7.83,19,2,,,,,,,,
210,13.30638888888889,4.983055555555556,4.979444444444445,19.19,19,7,,,,,,,,
211,9.095277777777778,0.10777777777777778,17.434722222222224,1.997,19,5,,,,,,,,
212,9.57861111111111,1.8661111111111113,1.863888888888889,38.762,19,3,,,,,,,,
213,12.016388888888889,23.924166666666668,23.920833333333334,20.382,19,8,,,,,,,,
214,13.725555555555555,4.8438888888888885,4.545,14.36,19,7,,,,,,,,
215,8.574444444444444,2.461388888888889,18.614722222222223,6.086,19,2,,,,,,,,
216,9.708888888888888,22.103055555555557,22.101666666666667,27.608,19,3,,,,,,,,
217,11.5375,0.30666666666666664,0.3055555555555555,24.531,19,6,,,,,,,,
218,7.832222222222222,22.42527777777778,17.76861111111111,5.77,19,2,,,,,,,,
219,9.924999999999999,19.10611111111111,19.102777777777778,7.551,19,8,,,,,,,,
220,12.939722222222223,21.14,21.137777777777778,1.217,19,8,,,,,,,,
221,14.780000000000001,2.495,23.093888888888888,0.569,19,2,,,,,,,,
222,16.348333333333333,4.569166666666667,4.564722222222222,9.258,19,8,,,,,,,,
223,8.77138888888889,2.8344444444444448,18.749166666666667,5.894,19,2,,,,,,,,
224,12.50388888888889,23.790000000000003,23.788611111111113,17.901,19,6,,,,,,,,
225,13.024722222222223,23.112222222222222,23.110000000000003,13.025,19,8,,,,,,,,
226,15.754722222222222,5.405277777777778,5.4030555555555555,15.516,19,8,,,,,,,,
227,11.404722222222222,2.6008333333333336,2.5986111111111114,28.858,19,2,,,,,,,,
228,11.685833333333333,1.5608333333333333,1.5597222222222222,26.433,19,6,,,,,,,,
229,12.678055555555554,3.7383333333333333,3.735,22.924,19,8,,,,,,,,
230,9.548055555555555,2.278888888888889,19.21722222222222,4.911,19,2,,,,,,,,
231,10.902777777777779,3.0172222222222222,3.013888888888889,33.242,19,8,,,,,,,,
232,13.595833333333333,5.922777777777778,5.917222222222223,29.467,19,7,,,,,,,,
233,15.073888888888888,1.0433333333333334,1.031111111111111,3.6023472222222224,19,5,,,,,,,,
234,8.163333333333334,2.6158333333333332,18.1575,5.977,19,2,,,,,,,,
235,9.932777777777778,21.039444444444445,21.037222222222223,20.195,19,3,,,,,,,,
236,13.495555555555555,4.416944444444445,4.413611111111112,20.594,19,8,,,,,,,,
237,14.488333333333333,1.412222222222222,1.408611111111111,7.32,19,5,,,,,,,,
238,9.0625,0.928611111111111,0.9261111111111111,40.33,19,4,,,,,,,,
239,9.167777777777777,18.696944444444444,18.695833333333333,9.801,19,7,,,,,,,,
240,11.608611111111111,1.7661111111111112,1.7647222222222223,26.449,19,6,,,,,,,,
241,13.298055555555555,22.75611111111111,22.754722222222224,9.113,19,7,,,,,,,,
242,13.598611111111111,23.898611111111112,23.895,10.551,19,8,,,,,,,,
243,17.344444444444445,4.96,4.956666666666667,10.147,19,8,,,,,,,,
244,9.32611111111111,19.92027777777778,19.916944444444447,11.453,19,8,,,,,,,,
245,13.595277777777778,3.4766666666666666,3.4741666666666666,16.505,19,8,,,,,,,,
246,7.253611111111111,3.795,22.184722222222224,42.582,19,1,,,,,,,,
247,8.070555555555556,3.645277777777778,17.593055555555555,4.451,19,2,,,,,,,,
248,9.001388888888888,0.07611111111111112,20.05638888888889,7.639,19,8,,,,,,,,
249,9.709999999999999,1.646111111111111,22.190277777777776,19.459,19,5,,,,,,,,
250,11.047222222222222,2.4361111111111113,0.20500000000000002,25.135,19,3,,,,,,,,
251,11.920277777777777,2.255,2.253888888888889,25.447,19,6,,,,,,,,
252,13.151111111111112,1.3402777777777777,1.3380555555555556,15.159,19,7,,,,,,,,
253,13.609166666666667,23.608055555555556,23.605833333333333,9.935,19,4,,,,,,,,
254,9.462222222222222,21.9,21.898611111111112,28.561,19,3,,,,,,,,
255,11.680555555555555,2.1213888888888888,23.456944444444442,22.06,19,6,,,,,,,,
256,12.424999999999999,5.031111111111111,22.479444444444443,6.044,19,2,,,,,,,,
257,13.704722222222221,6.068888888888889,6.064444444444444,23.078,19,8,,,,,,,,
258,6.954722222222222,19.683611111111112,19.68138888888889,13.916139722222225,19,1,,,,,,,,
259,7.704722222222222,22.53527777777778,22.53388888888889,42.277,19,2,,,,,,,,
260,8.022777777777778,19.70611111111111,18.78111111111111,6.498,19,8,,,,,,,,
261,8.859166666666667,2.5347222222222223,2.531388888888889,40.257,19,5,,,,,,,,
262,9.423333333333332,22.523333333333333,22.322777777777777,31.263,19,3,,,,,,,,
263,9.895555555555555,1.7833333333333332,1.781111111111111,37.226,19,7,,,,,,,,
264,10.98611111111111,19.91888888888889,19.9175,6.028,19,4,,,,,,,,
265,11.67611111111111,3.8125,21.6375,5.904,19,6,,,,,,,,
266,11.773333333333333,2.613888888888889,2.2197222222222224,25.659,19,1,,,,,,,,
267,13.674444444444443,23.620555555555555,23.616111111111113,9.427,19,8,,,,,,,,
268,14.39472222222222,1.7652777777777777,23.34361111111111,1.631,19,4,,,,,,,,
269,15.922777777777776,4.538888888888889,4.536388888888888,9.94,19,8,,,,,,,,
270,8.2825,1.9219444444444442,18.25722222222222,5.904,19,2,,,,,,,,
271,9.774722222222223,1.9855555555555555,1.9844444444444445,37.313,19,1,,,,,,,,
272,11.294444444444444,2.3602777777777777,2.356666666666667,25.736,19,8,,,,,,,,
273,14.288333333333334,5.102222222222222,5.097777777777777,19.822,19,7,,,,,,,,
274,14.919166666666666,1.6513888888888888,1.6488888888888888,4.344,19,4,,,,,,,,
275,8.896388888888888,22.981666666666666,22.978055555555553,24.164,19,5,,,,,,,,
276,10.244166666666667,2.7919444444444443,19.966944444444444,5.015,19,2,,,,,,,,
277,11.647222222222222,1.8122222222222222,21.41722222222222,10.556,19,6,,,,,,,,
278,12.305833333333334,1.9116666666666666,1.9094444444444443,21.719,19,3,,,,,,,,
279,12.47638888888889,20.895555555555553,20.894166666666667,1.376,19,1,,,,,,,,
280,14.557222222222222,5.570555555555555,5.008611111111111,17.555,19,8,,,,,,,,
281,8.693888888888889,2.668333333333333,18.690277777777776,5.928,19,2,,,,,,,,
282,9.939722222222223,20.039166666666667,20.0325,13.555,19,8,,,,,,,,
283,11.381944444444445,21.560277777777777,21.55777777777778,14.271,19,7,,,,,,,,
284,12.955555555555556,0.9366666666666666,0.9341666666666667,16.58,19,8,,,,,,,,
285,14.579444444444444,4.7619444444444445,4.410277777777778,13.618,19,7,,,,,,,,
286,8.208888888888888,1.5177777777777777,1.5155555555555555,10.824,19,5,,,,,,,,
287,8.479166666666666,3.4322222222222223,18.459444444444443,5.907,19,2,,,,,,,,
288,13.904166666666667,5.679444444444445,5.011388888888889,15.514,19,8,,,,,,,,
289,7.620555555555556,20.60666666666667,20.605555555555558,31.042,19,1,,,,,,,,
290,11.043611111111112,22.024444444444445,22.022222222222222,19.101,19,6,,,,,,,,
291,13.242222222222221,5.5811111111111105,5.571944444444444,30.932113055555558,19,8,,,,,,,,
292,13.647777777777778,22.83861111111111,22.8375,6.93,19,1,,,,,,,,
293,14.717222222222222,1.8775,1.8763888888888889,6.731,19,6,,,,,,,,
294,16.756666666666668,1.7405555555555556,1.7394444444444446,1.69,19,2,,,,,,,,
295,6.903611111111111,23.046666666666667,21.26888888888889,37.029,19,1,,,,,,,,
296,7.630555555555556,21.6575,20.39638888888889,22.656,19,2,,,,,,,,
297,8.811944444444444,17.278055555555554,17.276944444444442,1.456,19,8,,,,,,,,
298,12.02138888888889,1.8041666666666667,1.8019444444444446,23.858,19,8,,,,,,,,
299,13.385833333333332,4.960833333333333,4.954166666666667,24.57,19,7,,,,,,,,
300,6.947500000000001,2.6994444444444445,20.949166666666667,34.675,19,1,,,,,,,,
301,7.653611111111111,0.49194444444444446,21.976388888888888,34.177,19,5,,,,,,,,
302,7.720277777777778,23.891666666666666,21.166944444444447,26.982,19,2,,,,,,,,
303,11.603055555555555,1.1241666666666668,1.1230555555555557,25.491,19,6,,,,,,,,
304,14.469444444444445,23.713055555555556,23.710555555555555,2.856,19,4,,,,,,,,
305,6.951944444444445,23.42,19.20777777777778,26.677,19,1,,,,,,,,
306,11.543888888888889,2.0294444444444446,23.8675,24.201,19,6,,,,,,,,
307,11.599166666666667,1.531111111111111,1.5286111111111111,25.956,19,8,,,,,,,,
308,11.84388888888889,23.845,22.658055555555553,17.846,19,5,,,,,,,,
309,13.135,1.521111111111111,1.5188888888888887,15.654,19,3,,,,,,,,
310,13.558611111111112,4.700277777777778,4.696666666666667,21.724,19,7,,,,,,,,
311,6.930000000000001,16.578611111111112,16.577222222222222,10.212,19,1,,,,,,,,
312,8.2925,2.493333333333333,18.37777777777778,6.092,19,2,,,,,,,,
313,8.815000000000001,1.6544444444444444,22.04416666666667,28.362,19,5,,,,,,,,
314,9.125277777777779,1.912222222222222,22.59638888888889,30.251,19,3,,,,,,,,
315,9.4925,19.04361111111111,19.0425,9.825,19,1,,,,,,,,
316,9.762222222222222,18.51861111111111,18.530555555555555,2.502,19,4,,,,,,,,
317,11.079722222222221,23.04888888888889,20.816944444444445,10.654,19,1,,,,,,,,
318,13.667777777777777,6.717222222222222,6.142222222222222,23.502,19,8,,,,,,,,
319,16.516111111111112,1.4652777777777777,1.4638888888888888,1.564,19,4,,,,,,,,
320,8.399444444444445,0.586388888888889,18.434166666666666,6.013,19,2,,,,,,,,
321,8.554444444444446,22.586944444444445,22.58361111111111,36.975,19,5,,,,,,,,
322,11.983333333333333,3.051388888888889,3.0502777777777776,26.583,19,6,,,,,,,,
323,13.066944444444443,4.542222222222222,4.509166666666666,17.093,19,8,,,,,,,,
324,7.4325,22.990000000000002,18.154722222222222,16.875,19,1,,,,,,,,
325,7.575,20.861111111111114,17.60777777777778,6.063,19,2,,,,,,,,
326,7.718333333333334,23.084166666666665,21.748611111111114,31.052,19,3,,,,,,,,
327,8.343611111111112,1.4422222222222223,1.44,45.46,19,7,,,,,,,,
328,9.078055555555554,2.53,19.817777777777778,6.392,19,8,,,,,,,,
329,14.31,4.593333333333333,4.591111111111111,14.327,19,5,,,,,,,,
330,8.123333333333333,2.056111111111111,17.63277777777778,4.356,19,2,,,,,,,,
331,8.530277777777778,1.4702777777777778,1.4680555555555557,43.024,19,5,,,,,,,,
332,8.9825,20.449166666666667,19.567777777777778,6.139,19,8,,,,,,,,
333,10.577777777777778,0.46472222222222226,20.1725,4.805,19,6,,,,,,,,
334,11.292222222222222,3.0858333333333334,22.72583333333333,20.335,19,4,,,,,,,,
335,12.968055555555555,4.576666666666666,4.099166666666666,12.758,19,8,,,,,,,,
336,16.130555555555556,1.9477777777777778,1.946388888888889,2.621,19,1,,,,,,,,
337,16.63888888888889,1.6208333333333333,1.6183333333333334,1.42,19,3,,,,,,,,
338,6.983888888888889,0.5936111111111112,17.285833333333336,14.329,19,1,,,,,,,,
339,7.53,22.193055555555556,21.47722222222222,30.11,19,2,,,,,,,,
340,8.215555555555556,1.9680555555555557,17.622222222222224,4.115,19,3,,,,,,,,
341,8.851944444444444,2.173611111111111,19.299166666666668,5.597,19,8,,,,,,,,
342,9.930555555555555,21.858055555555556,21.855555555555558,24.475,19,5,,,,,,,,
343,11.825555555555555,23.15888888888889,23.1575,20.6,19,7,,,,,,,,
344,11.848611111111111,0.8388888888888889,21.506666666666668,9.972,19,6,,,,,,,,
345,6.934722222222223,0.8105555555555556,19.50583333333333,28.221,19,1,,,,,,,,
346,7.038055555555555,20.461111111111112,16.41611111111111,3.984,19,4,,,,,,,,
347,8.869166666666667,0.8630555555555556,19.385555555555555,5.763,19,8,,,,,,,,
348,8.900555555555556,19.409444444444443,19.40722222222222,16.159,19,6,,,,,,,,
349,9.107222222222221,1.9027777777777777,1.9002777777777777,25.987,19,5,,,,,,,,
350,9.510833333333334,19.09361111111111,19.092499999999998,5.268,19,3,,,,,,,,
351,9.51361111111111,20.114444444444445,20.113333333333333,16.533,19,7,,,,,,,,
352,11.359722222222222,2.0108333333333333,2.008611111111111,28.511,19,3,,,,,,,,
353,11.823333333333332,1.5166666666666666,21.697222222222223,11.09,19,6,,,,,,,,
354,12.958055555555555,2.151944444444444,21.37388888888889,0.889,19,4,,,,,,,,
355,7.0825,23.1325,17.911944444444444,17.386,19,1,,,,,,,,
356,7.7683333333333335,20.654722222222222,17.302777777777777,4.478,19,2,,,,,,,,
357,9.174999999999999,1.4647222222222223,0.6402777777777777,24.076,19,5,,,,,,,,
358,10.203333333333333,22.297222222222224,22.296111111111113,25.512,19,3,,,,,,,,
359,10.443333333333333,22.760555555555555,20.12666666666667,4.151,19,8,,,,,,,,
360,11.725555555555555,1.5633333333333335,1.5622222222222222,25.547,19,6,,,,,,,,
361,12.8925,2.4858333333333333,21.204166666666666,0.57,19,2,,,,,,,,
362,8.135555555555555,1.176111111111111,18.284166666666668,4.595,19,8,,,,,,,,
363,11.27888888888889,1.4766666666666668,0.8438888888888889,16.643,19,2,,,,,,,,
364,11.346944444444444,19.718055555555555,19.716666666666665,1.231,19,6,,,,,,,,
365,8.232222222222223,3.4644444444444447,2.174722222222222,4.712,19,2,,,,,,,,
366,11.888055555555555,0.9836111111111111,0.9825,23.314,19,4,,,,,,,,
367,13.168333333333333,2.416111111111111,2.413611111111111,11.876,19,6,,,,,,,,
368,13.619444444444445,23.84583333333333,23.84472222222222,5.809,19,8,,,,,,,,
369,7.971666666666667,2.651111111111111,0.38055555555555554,3.97,19,2,,,,,,,,
370,8.968055555555555,1.7391666666666667,19.570833333333333,6.076,19,8,,,,,,,,
371,9.561944444444444,2.4536111111111114,2.4513888888888893,40.075,19,4,,,,,,,,
372,10.310833333333335,0.535,0.5336111111111111,31.324,19,1,,,,,,,,
373,11.496666666666666,0.045,21.152777777777775,4.089,19,6,,,,,,,,
374,12.038611111111111,1.2686111111111111,22.389722222222222,10.868,19,5,,,,,,,,
375,12.384444444444444,1.6311111111111112,23.625555555555557,17.556,19,3,,,,,,,,
376,13.269166666666667,4.9141666666666675,4.909722222222222,24.762,19,7,,,,,,,,
377,7.928888888888889,0.15638888888888888,19.46222222222222,19.45,19,1,,,,,,,,
378,8.29888888888889,2.4155555555555557,18.28222222222222,5.924,19,2,,,,,,,,
379,8.578055555555554,1.6788888888888887,19.051666666666666,5.735,19,8,,,,,,,,
380,9.425555555555555,1.92,1.9177777777777776,39.221,19,5,,,,,,,,
381,10.846666666666668,2.3516666666666666,2.350277777777778,30.13,19,7,,,,,,,,
382,10.943888888888889,22.247500000000002,22.246111111111112,7.192,19,6,,,,,,,,
383,11.723888888888888,2.4525,21.72138888888889,11.681,19,4,,,,,,,,
384,13.5,5.969444444444445,5.965833333333333,30.999,19,3,,,,,,,,
385,15.142777777777777,1.1044444444444446,1.1022222222222222,3.241,19,6,,,,,,,,
386,7.783888888888889,2.330833333333333,17.773888888888887,6.004,19,4,,,,,,,,
387,10.355833333333333,2.383888888888889,22.21972222222222,18.472,19,8,,,,,,,,
388,10.568055555555555,0.34027777777777773,20.328333333333333,4.755,19,6,,,,,,,,
389,11.219444444444445,1.5869444444444445,1.5847222222222224,28.913,19,3,,,,,,,,
390,13.398055555555555,1.4219444444444445,1.4194444444444445,13.429,19,5,,,,,,,,
391,13.446388888888889,4.7619444444444445,4.756388888888889,22.638,19,7,,,,,,,,
392,7.881388888888889,2.22,17.841666666666665,5.895,19,4,,,,,,,,
393,11.230555555555556,3.0452777777777778,3.042777777777778,30.33,19,3,,,,,,,,
394,13.061666666666667,3.9030555555555555,3.8975,20.537,19,8,,,,,,,,
395,14.149166666666666,22.991944444444446,22.990833333333335,5.307,19,7,,,,,,,,
396,7.455,19.345555555555553,17.993333333333336,15.949,19,1,,,,,,,,
397,7.728055555555556,2.6516666666666664,17.279166666666665,4.485,19,2,,,,,,,,
398,7.7825,1.0586111111111112,1.0575,48.699,19,3,,,,,,,,
399,11.568055555555555,0.866111111111111,0.8647222222222222,24.699,19,4,,,,,,,,
400,13.307500000000001,5.588333333333333,5.582777777777777,30.668681388888885,19,8,,,,,,,,
401,15.694444444444445,3.6241666666666665,3.6197222222222223,5.61,19,5,,,,,,,,
402,7.743333333333333,22.285,17.299722222222226,4.544,19,2,,,,,,,,
403,11.352222222222222,23.94638888888889,23.944166666666668,24.879,19,8,,,,,,,,
404,11.615833333333333,1.943888888888889,22.108055555555556,14.692,19,5,,,,,,,,
405,11.969722222222222,22.509166666666665,22.506944444444443,16.35,19,7,,,,,,,,
406,13.554166666666667,5.107222222222222,5.104722222222222,24.721,19,6,,,,,,,,
407,14.528055555555556,2.4675000000000002,23.831666666666667,0.637,19,2,,,,,,,,
408,6.894722222222222,0.3272222222222222,19.67361111111111,29.348,19,1,,,,,,,,
409,7.743333333333333,20.71638888888889,20.715,30.897,19,2,,,,,,,,
410,8.272777777777778,21.0675,18.235277777777778,5.859,19,4,,,,,,,,
411,8.715,1.6844444444444444,22.497777777777777,26.482,19,5,,,,,,,,
412,9.712777777777777,19.21361111111111,19.21222222222222,5.082,19,3,,,,,,,,
413,10.34388888888889,23.023333333333333,23.01888888888889,29.617,19,8,,,,,,,,
414,13.209166666666667,5.142222222222222,5.139722222222223,27.27,19,6,,,,,,,,
415,13.30638888888889,2.5836111111111113,21.608333333333334,0.539,19,2,,,,,,,,
416,15.853055555555555,3.1205555555555557,3.118333333333333,5.384,19,8,,,,,,,,
417,6.956111111111111,23.514166666666668,15.355555555555556,0.581,19,1,,,,,,,,
418,12.913055555555555,4.7572222222222225,4.751666666666667,26.221,19,8,6140.0,400.0,20.0,50.0,59.0,12.928888888888888,1.0,13.896388888888888
419,7.768055555555556,20.50583333333333,18.284444444444446,3.905,19,2,6062.0,350.0,7.0,20.0,471.0,8.986388888888888,1.0,15.618055555555555
420,10.448611111111111,1.7641666666666667,1.7605555555555557,33.223,19,4,6171.0,250.0,25.0,100.0,60.0,10.603055555555555,1.0,11.448611111111111
421,7.35861111111111,2.613888888888889,19.561944444444446,4.122,19,2,6062.0,350.0,7.0,20.0,405.0,10.087777777777779,1.0,14.108611111111111
422,10.608333333333333,20.668333333333333,20.66722222222222,5.261,19,8,4400.0,400.0,12.0,30.0,386.0,10.680833333333332,1.0,17.041666666666668
423,10.762777777777778,1.6394444444444445,1.636111111111111,31.096,19,5,6171.0,250.0,35.0,140.0,373.0,10.77888888888889,1.0,16.979444444444443
424,11.699444444444445,1.1836111111111112,1.1825,2.586,19,3,6189.0,400.0,40.0,100.0,113.0,15.613055555555555,1.0,13.582777777777778
425,14.483055555555556,23.751666666666665,23.748055555555556,4.604706944444445,19,1,6038.0,400.0,16.0,40.0,345.0,14.490555555555554,1.0,20.233055555555556
426,6.914722222222222,21.023888888888887,17.016111111111112,13.114,19,1,6038.0,400.0,16.0,40.0,345.0,6.928333333333334,1.0,12.664722222222222
427,7.599166666666666,22.668333333333333,21.927222222222223,40.008,19,3,3618.0,400.0,40.0,100.0,410.0,7.6049999999999995,1.0,14.4325
428,11.408055555555556,3.0005555555555556,2.9980555555555557,29.998,19,6,6189.0,400.0,40.0,100.0,382.0,11.414444444444445,1.0,17.77472222222222
429,8.117222222222223,3.0811111111111114,23.076666666666668,5.847,19,2,6062.0,350.0,7.0,20.0,258.0,13.030000000000001,1.0,12.417222222222222
430,11.449166666666667,1.4019444444444444,1.4005555555555556,26.823,19,3,6189.0,400.0,40.0,100.0,418.0,11.455833333333333,1.0,18.41583333333333
431,11.575555555555555,1.038888888888889,1.037777777777778,25.355,19,3,6189.0,400.0,40.0,100.0,347.0,11.580277777777777,1.0,17.35888888888889
432,7.465277777777778,2.3055555555555554,16.93861111111111,3.64,19,2,6062.0,350.0,7.0,20.0,258.0,7.657500000000001,1.0,11.765277777777778
433,9.839722222222223,1.6577777777777778,1.656388888888889,36.484,19,1,3618.0,400.0,40.0,100.0,387.0,9.845,1.0,16.289722222222224
434,11.459166666666667,1.1927777777777777,1.1916666666666667,26.843,19,6,6189.0,400.0,40.0,100.0,347.0,11.461944444444443,1.0,17.2425
435,7.563888888888889,21.316111111111113,17.76388888888889,5.722,19,2,6062.0,350.0,7.0,20.0,258.0,7.804444444444444,1.0,11.863888888888889
436,9.140555555555554,0.7911111111111111,22.445,30.149,19,3,6297.0,396.0,51.48,130.0,416.0,9.355833333333333,1.0,16.073888888888888
437,10.127777777777778,22.141666666666666,22.139444444444443,25.01,19,1,3618.0,400.0,40.0,100.0,402.0,10.133888888888889,1.0,16.82777777777778
438,11.836666666666668,2.0530555555555554,22.396944444444443,14.883,19,6,6189.0,400.0,40.0,100.0,347.0,11.839722222222223,1.0,17.62
439,8.009166666666667,2.7694444444444444,18.236666666666668,5.79,19,2,6062.0,350.0,7.0,20.0,262.0,8.254166666666666,1.0,12.375833333333334
440,11.870555555555557,0.8827777777777778,21.96222222222222,12.436,19,6,6189.0,400.0,40.0,100.0,347.0,11.876666666666667,1.0,17.653888888888886
441,13.151666666666667,21.499722222222225,21.497222222222224,2.139,19,3,3618.0,400.0,40.0,100.0,402.0,13.155000000000001,1.0,19.851666666666667
442,7.985,2.776944444444444,17.665,4.636,19,2,6062.0,350.0,7.0,20.0,262.0,8.069166666666666,1.0,12.351666666666667
443,9.025277777777779,1.0675,19.50777777777778,5.503,19,8,4400.0,500.0,15.0,30.0,103.0,9.042777777777777,1.0,10.741944444444444
444,9.778333333333334,2.4358333333333335,23.184722222222224,33.51,19,5,6171.0,250.0,35.0,140.0,428.0,9.778333333333334,1.0,16.911666666666665
445,11.49472222222222,0.27416666666666667,22.039722222222224,15.53,19,3,6189.0,400.0,40.0,100.0,347.0,11.49861111111111,1.0,17.278055555555554
446,7.413333333333334,2.2086111111111113,17.10777777777778,4.461,19,2,6062.0,350.0,7.0,20.0,262.0,7.575,1.0,11.780000000000001
447,7.837777777777777,21.913055555555555,20.33888888888889,21.004,19,1,3618.0,400.0,40.0,100.0,402.0,7.841388888888889,1.0,14.537777777777778
448,8.806111111111111,0.88,19.345555555555553,6.115,19,8,4400.0,500.0,15.0,30.0,103.0,8.815000000000001,1.0,10.522777777777778
449,14.294166666666667,0.4002777777777778,0.3988888888888889,6.007,19,3,6297.0,298.0,5.96,20.0,82.0,14.36361111111111,1.0,15.660833333333334
450,11.76388888888889,1.6302777777777777,1.6288888888888888,25.19,19,6,6189.0,400.0,40.0,100.0,347.0,11.764444444444445,1.0,17.547222222222224
451,13.203888888888889,2.840277777777778,2.839166666666667,3.429,19,3,6297.0,298.0,53.64,180.0,125.0,16.46722222222222,1.0,15.287222222222223
452,7.198611111111111,2.3422222222222224,16.790277777777778,4.356,19,2,6062.0,350.0,7.0,20.0,262.0,7.293333333333333,1.0,11.565277777777778
453,7.996666666666667,0.3927777777777778,20.572222222222223,26.428,19,1,6038.0,400.0,24.0,60.0,412.0,8.006388888888889,1.0,14.863333333333333
454,9.398888888888889,0.4513888888888889,20.010277777777777,6.228,19,8,4400.0,500.0,15.0,30.0,103.0,9.43,1.0,11.115555555555556
455,10.71111111111111,1.6433333333333333,1.6422222222222222,29.965,19,5,6297.0,298.0,53.64,180.0,125.0,10.718055555555555,1.0,12.794444444444444
456,11.182222222222222,22.775,22.747500000000002,22.459,19,3,3618.0,344.0,34.4,100.0,326.0,11.189722222222223,1.0,16.615555555555556
457,11.768333333333334,2.1425,21.502222222222223,10.223,19,6,6189.0,400.0,40.0,100.0,347.0,11.772222222222224,1.0,17.551666666666666
458,6.904444444444445,0.4430555555555556,19.678055555555556,29.497,19,1,6038.0,400.0,32.0,80.0,412.0,6.924166666666667,1.0,13.771111111111113
459,7.813888888888889,20.537222222222223,17.46333333333333,4.247,19,2,6062.0,350.0,7.0,20.0,275.0,7.997777777777777,1.0,12.397222222222222
460,9.585833333333333,1.9816666666666667,22.93611111111111,28.304,19,5,6297.0,298.0,5.96,20.0,387.0,9.597222222222223,1.0,16.035833333333336
461,11.680833333333332,1.9288888888888887,21.766944444444444,12.57,19,6,6189.0,400.0,40.0,100.0,347.0,11.68361111111111,1.0,17.464166666666667
462,12.843611111111112,2.3672222222222223,23.622777777777777,0.652,19,2,6062.0,350.0,7.0,20.0,275.0,14.390277777777778,1.0,17.426944444444445
463,7.611666666666666,23.02361111111111,23.022222222222222,44.971,19,1,3618.0,344.0,61.92,180.0,585.0,7.618055555555556,1.0,17.361666666666668
464,8.284444444444444,3.5602777777777774,18.599444444444444,4.944,19,2,6062.0,350.0,7.0,20.0,275.0,8.874722222222223,1.0,12.867777777777778
465,10.085833333333333,1.57,1.5677777777777777,35.179,19,5,6171.0,250.0,42.5,170.0,428.0,10.0975,1.0,17.219166666666666
466,10.864722222222222,0.12111111111111111,21.481666666666666,13.769,19,3,6038.0,400.0,24.0,60.0,412.0,10.870833333333334,1.0,17.731388888888887
467,11.75611111111111,0.5647222222222222,22.321666666666665,15.669,19,6,6189.0,400.0,40.0,100.0,347.0,11.760277777777778,1.0,17.539444444444445
468,7.474166666666667,21.216666666666665,20.89472222222222,4.008,19,2,6062.0,350.0,7.0,20.0,275.0,11.449722222222222,1.0,12.057500000000001
469,11.935833333333333,0.8605555555555555,0.8583333333333333,21.73,19,5,6297.0,298.0,56.62,190.0,387.0,11.945555555555556,1.0,18.385833333333334
470,16.145833333333332,2.1172222222222223,2.1158333333333332,2.913,19,8,4400.0,500.0,15.0,30.0,103.0,16.145555555555553,1.0,17.8625
471,6.955,2.4619444444444447,18.78611111111111,23.803,19,1,6038.0,400.0,24.0,60.0,412.0,6.956111111111111,1.0,13.821666666666667
472,8.370555555555557,2.0975,22.133888888888887,5.91,19,2,6062.0,350.0,7.0,20.0,275.0,12.07,1.0,12.953888888888889
473,11.60388888888889,0.995,22.524166666666666,17.741,19,6,6189.0,400.0,40.0,100.0,347.0,11.610555555555555,1.0,17.38722222222222
474,6.7636111111111115,20.395833333333332,19.481388888888887,28.943,19,1,6038.0,400.0,24.0,60.0,412.0,6.77,1.0,13.630277777777778
475,7.581666666666666,20.634444444444444,17.448611111111113,4.167,19,2,6062.0,350.0,7.0,20.0,275.0,7.845,1.0,12.165000000000001
476,11.720833333333333,1.3369444444444443,21.684444444444445,11.713,19,6,6189.0,400.0,40.0,100.0,347.0,11.725277777777778,1.0,17.504166666666666
477,11.775,21.521944444444443,21.520833333333332,10.882,19,3,3618.0,276.0,33.12,120.0,368.0,11.790833333333333,1.0,17.90833333333333
478,7.028611111111111,23.151666666666664,20.51361111111111,30.894,19,1,6038.0,400.0,24.0,60.0,412.0,7.041666666666667,1.0,13.895277777777777
479,7.606388888888889,21.9075,21.901944444444442,39.1,19,2,3618.0,276.0,57.96,210.0,540.0,7.614999999999999,1.0,16.60638888888889
480,8.079166666666666,2.414722222222222,20.813333333333333,5.941,19,4,6062.0,350.0,7.0,20.0,408.0,10.771944444444445,1.0,14.879166666666666
481,9.004722222222222,22.021944444444443,19.446666666666665,5.802,19,8,4400.0,500.0,15.0,30.0,103.0,9.010833333333334,1.0,10.721388888888889
482,9.924166666666666,18.92027777777778,18.895,3.3292722222222224,19,3,6429.0,267.0,5.34,20.0,60.0,9.93361111111111,1.0,10.924166666666666
483,12.0,1.5766666666666667,22.025,12.202,19,6,6189.0,400.0,40.0,100.0,347.0,12.005555555555556,1.0,17.783333333333335
484,9.05388888888889,18.868333333333332,17.83138888888889,5.004,19,2,6062.0,350.0,7.0,20.0,408.0,9.12638888888889,1.0,15.85388888888889
485,10.571944444444444,0.2961111111111111,0.29388888888888887,36.544,19,8,6171.0,250.0,42.5,170.0,428.0,10.590277777777779,1.0,17.705277777777777
486,11.658333333333333,2.002222222222222,2.001388888888889,25.641,19,5,6189.0,250.0,25.0,100.0,266.0,12.274722222222223,1.0,16.091666666666665
487,10.742222222222221,23.622222222222224,23.619444444444444,33.228,19,1,6038.0,400.0,48.0,120.0,412.0,10.758333333333333,1.0,17.60888888888889
488,12.000277777777777,22.606944444444444,22.602500000000003,22.924,19,8,6171.0,250.0,60.0,240.0,514.0,12.02888888888889,1.0,20.566944444444445
489,14.679444444444444,0.9191666666666666,0.9097222222222222,8.907,19,5,6620.0,400.0,12.0,30.0,154.0,14.683055555555555,1.0,17.246111111111112
490,8.4475,0.7616666666666667,17.55666666666667,6.006,19,2,6062.0,350.0,7.0,20.0,408.0,8.544166666666667,1.0,15.247499999999999
491,8.771944444444445,23.149166666666666,22.26,39.854,19,1,6038.0,400.0,48.0,120.0,412.0,8.778333333333334,1.0,15.63861111111111
492,11.590833333333334,1.350277777777778,21.375555555555557,16.825,19,6,6189.0,600.0,36.0,60.0,287.0,11.601111111111111,1.0,16.374166666666667
493,7.7219444444444445,1.1705555555555556,16.398333333333333,4.6936175,19,2,6062.0,350.0,7.0,20.0,408.0,7.797777777777777,1.0,14.521944444444445
494,8.469722222222222,1.0116666666666667,22.46,32.082,19,5,6620.0,400.0,16.0,40.0,447.0,8.490277777777777,1.0,15.919722222222221
495,14.949166666666667,22.964166666666667,22.962777777777777,5.847,19,1,6038.0,400.0,32.0,80.0,249.0,14.992777777777777,1.0,19.099166666666665
496,6.891666666666667,20.41361111111111,17.006944444444443,19.49,19,1,6038.0,400.0,32.0,80.0,65.0,6.903333333333333,1.0,7.9750000000000005
497,7.835833333333333,20.240833333333335,16.67638888888889,4.966,19,2,6062.0,350.0,7.0,20.0,408.0,7.950833333333334,1.0,14.635833333333332
498,11.369444444444445,0.6941666666666667,21.510833333333334,14.311,19,5,6620.0,400.0,16.0,40.0,305.0,11.374444444444444,1.0,16.452777777777776
499,11.373333333333333,0.33249999999999996,22.092499999999998,21.135,19,8,6171.0,250.0,42.5,170.0,514.0,11.373055555555556,1.0,19.94
500,12.133888888888889,23.302222222222223,22.360555555555557,19.901,19,6,6189.0,600.0,36.0,60.0,244.0,12.139722222222222,1.0,16.200555555555553
501,8.204722222222221,0.49722222222222223,19.40583333333333,19.862,19,3,6620.0,400.0,16.0,40.0,305.0,8.21111111111111,1.0,13.288055555555555
502,9.426666666666666,23.539722222222224,22.096944444444443,5.685,19,2,6062.0,350.0,7.0,20.0,408.0,13.155555555555557,1.0,16.226666666666667
503,18.747500000000002,2.5730555555555554,2.5716666666666663,1.337,19,2,6171.0,250.0,42.5,170.0,514.0,18.75111111111111,1.0,3.3141666666666665
504,8.215277777777777,0.23305555555555557,17.966944444444444,17.286,19,1,6038.0,400.0,32.0,80.0,65.0,8.21861111111111,1.0,9.29861111111111
505,7.746111111111111,20.091388888888886,20.087777777777777,23.98,19,6,6620.0,400.0,20.0,50.0,306.0,7.942222222222222,1.0,12.846111111111112
506,13.8325,0.20722222222222222,0.2038888888888889,12.082,19,3,6620.0,400.0,20.0,50.0,509.0,13.8325,1.0,22.315833333333334
507,10.77138888888889,1.7577777777777779,1.7544444444444445,28.479,19,5,6620.0,400.0,20.0,50.0,509.0,10.774722222222223,1.0,19.254722222222224
508,7.977777777777778,23.98777777777778,23.541111111111114,38.328,19,5,6620.0,400.0,20.0,50.0,509.0,7.980833333333334,1.0,16.461111111111112
509,8.539166666666667,0.8633333333333333,22.235,31.201,19,5,6620.0,400.0,20.0,50.0,509.0,8.556111111111111,1.0,17.022499999999997
510,10.044444444444444,0.4211111111111111,20.6575,16.834,19,5,6620.0,400.0,20.0,50.0,509.0,10.0525,1.0,18.52777777777778
511,9.661388888888888,22.37527777777778,21.049444444444447,20.4,19,5,6620.0,400.0,20.0,50.0,509.0,9.665833333333333,1.0,18.14472222222222
512,7.4061111111111115,0.7327777777777778,22.593888888888888,38.062,19,5,6620.0,400.0,20.0,50.0,509.0,7.418333333333334,1.0,15.889444444444443
513,8.731944444444444,19.898333333333333,19.895,19.779,19,3,6620.0,400.0,20.0,50.0,509.0,8.737499999999999,1.0,17.21527777777778
514,8.43388888888889,21.13361111111111,19.795833333333334,20.304,19,5,6620.0,400.0,20.0,50.0,509.0,8.439444444444444,1.0,16.91722222222222
515,8.264444444444445,0.060833333333333336,21.154444444444444,27.49,19,5,6620.0,400.0,20.0,50.0,509.0,8.270555555555557,1.0,16.747777777777777
516,8.725,0.16694444444444442,23.320555555555554,34.384,19,5,6620.0,400.0,20.0,50.0,509.0,8.72861111111111,1.0,17.208333333333332
517,11.167222222222222,0.28194444444444444,0.27944444444444444,15.378,19,6,6620.0,400.0,20.0,50.0,509.0,11.195277777777777,1.0,19.650555555555552
518,7.596388888888889,0.03777777777777778,17.22222222222222,12.398,19,3,6620.0,400.0,20.0,50.0,509.0,7.601111111111111,1.0,16.079722222222223
519,9.784722222222221,0.6705555555555556,19.891111111111112,14.477,19,5,6620.0,400.0,20.0,50.0,509.0,9.790833333333333,1.0,18.268055555555556
520,8.921388888888888,0.3938888888888889,0.39,34.861,19,5,6620.0,400.0,20.0,50.0,509.0,8.9275,1.0,17.404722222222222
521,8.887222222222222,23.467499999999998,23.462777777777777,33.55,19,5,6620.0,400.0,20.0,50.0,509.0,8.886944444444444,1.0,17.370555555555555
522,8.665833333333333,0.41861111111111116,0.4141666666666667,35.689,19,5,6620.0,400.0,20.0,50.0,509.0,8.671666666666667,1.0,17.149166666666666
523,14.888055555555555,23.906666666666666,23.901944444444442,8.295,19,8,6140.0,400.0,75.2,188.0,514.0,14.889999999999999,1.0,23.454722222222223
524,8.351944444444444,0.46361111111111114,0.4613888888888889,37.292,19,5,6620.0,400.0,24.0,60.0,509.0,8.35611111111111,1.0,16.835277777777776
525,8.54138888888889,23.973333333333333,23.97111111111111,35.708,19,5,6620.0,400.0,24.0,60.0,509.0,8.546111111111111,1.0,17.02472222222222
526,8.800833333333333,1.2125,1.2102777777777778,36.298,19,5,6620.0,400.0,24.0,60.0,509.0,8.80388888888889,1.0,17.284166666666668
527,8.443055555555556,0.08861111111111111,22.523055555555555,32.558,19,5,6620.0,400.0,24.0,60.0,509.0,8.454722222222221,1.0,16.92638888888889
528,11.24472222222222,19.28666666666667,19.284444444444446,6.345,19,2,6140.0,400.0,75.2,188.0,514.0,11.253333333333334,1.0,19.81138888888889
529,11.307777777777778,0.9361111111111111,0.9302777777777778,24.676,19,7,6620.0,400.0,24.0,60.0,509.0,11.312222222222223,1.0,19.791111111111114
530,17.330555555555556,1.7097222222222221,1.7083333333333333,2.229,19,5,6171.0,250.0,50.0,200.0,542.0,17.334722222222222,1.0,2.363888888888889
531,8.730833333333333,23.983611111111113,23.970277777777778,35.199,19,3,6620.0,400.0,24.0,60.0,509.0,8.735,1.0,17.214166666666667
532,10.90388888888889,0.7813888888888889,0.7791666666666667,26.097,19,5,6620.0,400.0,24.0,60.0,509.0,10.910555555555556,1.0,19.38722222222222
533,8.667499999999999,0.3975,20.744444444444447,23.264,19,5,6620.0,400.0,24.0,60.0,509.0,8.678055555555554,1.0,17.15083333333333
534,13.381111111111112,23.426111111111112,23.42388888888889,17.217,19,8,6140.0,400.0,75.2,188.0,514.0,13.386388888888888,1.0,21.947777777777777
535,8.7925,23.743055555555557,23.739444444444445,34.767,19,5,6620.0,400.0,24.0,60.0,509.0,8.798333333333334,1.0,17.27583333333333
536,7.710555555555556,0.02388888888888889,22.63888888888889,37.177,19,3,6620.0,400.0,24.0,60.0,509.0,7.712777777777778,1.0,16.19388888888889
537,8.337222222222223,23.863333333333333,23.061944444444446,35.066,19,3,6620.0,400.0,24.0,60.0,509.0,8.33888888888889,1.0,16.820555555555554
538,10.086666666666668,0.3133333333333333,0.3088888888888889,39.75,19,8,6140.0,400.0,75.2,188.0,514.0,10.091944444444445,1.0,18.653333333333332
539,8.813611111111111,0.1361111111111111,0.1325,33.285,19,5,6620.0,400.0,24.0,60.0,509.0,8.817499999999999,1.0,17.296944444444446
540,13.775555555555556,22.270833333333332,22.26861111111111,8.842,19,8,6140.0,400.0,75.2,188.0,514.0,13.785555555555556,1.0,22.342222222222222
541,8.380277777777778,0.36722222222222217,21.080833333333334,26.174,19,5,6620.0,400.0,24.0,60.0,509.0,8.384166666666665,1.0,16.863611111111112
542,8.775277777777779,20.796111111111113,18.165277777777778,14.35,19,1,6038.0,400.0,32.0,80.0,65.0,8.796111111111111,1.0,9.858611111111111
543,10.055833333333334,23.593055555555555,21.53805555555556,20.403,19,1,6620.0,400.0,24.0,60.0,509.0,10.058055555555557,1.0,18.539166666666667
544,12.127500000000001,2.700277777777778,2.6847222222222227,30.732,19,8,6140.0,400.0,75.2,188.0,514.0,12.127500000000001,1.0,20.694166666666668
